id;code;description;default_value
next value for hibernate_sequence;C_SYSTEM-D_FA.fa-angellist;fa-angellist css class;fa-angellist
next value for hibernate_sequence;C_SYSTEM-D_FA.fa-area-chart;fa-area-chart css class;fa-area-chart
next value for hibernate_sequence;C_SYSTEM-D_FA.fa-at;fa-at css class;fa-at
next value for hibernate_sequence;C_SYSTEM-D_FA.fa-bell-slash;fa-bell-slash css class;fa-bell-slash
next value for hibernate_sequence;C_SYSTEM-D_FA.fa-bell-slash-o;fa-bell-slash-o css class;fa-bell-slash-o
next value for hibernate_sequence;C_SYSTEM-D_FA.fa-bicycle;fa-bicycle css class;fa-bicycle
next value for hibernate_sequence;C_SYSTEM-D_FA.fa-binoculars;fa-binoculars css class;fa-binoculars
next value for hibernate_sequence;C_SYSTEM-D_FA.fa-birthday-cake;fa-birthday-cake css class;fa-birthday-cake
next value for hibernate_sequence;C_SYSTEM-D_FA.fa-bus;fa-bus css class;fa-bus
next value for hibernate_sequence;C_SYSTEM-D_FA.fa-calculator;fa-calculator css class;fa-calculator
next value for hibernate_sequence;C_SYSTEM-D_FA.fa-cc;fa-cc css class;fa-cc
next value for hibernate_sequence;C_SYSTEM-D_FA.fa-cc-amex;fa-cc-amex css class;fa-cc-amex
next value for hibernate_sequence;C_SYSTEM-D_FA.fa-cc-discover;fa-cc-discover css class;fa-cc-discover
next value for hibernate_sequence;C_SYSTEM-D_FA.fa-cc-mastercard;fa-cc-mastercard css class;fa-cc-mastercard
next value for hibernate_sequence;C_SYSTEM-D_FA.fa-cc-paypal;fa-cc-paypal css class;fa-cc-paypal
next value for hibernate_sequence;C_SYSTEM-D_FA.fa-cc-stripe;fa-cc-stripe css class;fa-cc-stripe
next value for hibernate_sequence;C_SYSTEM-D_FA.fa-cc-visa;fa-cc-visa css class;fa-cc-visa
next value for hibernate_sequence;C_SYSTEM-D_FA.fa-copyright;fa-copyright css class;fa-copyright
next value for hibernate_sequence;C_SYSTEM-D_FA.fa-eyedropper;fa-eyedropper css class;fa-eyedropper
next value for hibernate_sequence;C_SYSTEM-D_FA.fa-futbol-o;fa-futbol-o css class;fa-futbol-o
next value for hibernate_sequence;C_SYSTEM-D_FA.fa-google-wallet;fa-google-wallet css class;fa-google-wallet
next value for hibernate_sequence;C_SYSTEM-D_FA.fa-ils;fa-ils css class;fa-ils
next value for hibernate_sequence;C_SYSTEM-D_FA.fa-ioxhost;fa-ioxhost css class;fa-ioxhost
next value for hibernate_sequence;C_SYSTEM-D_FA.fa-lastfm;fa-lastfm css class;fa-lastfm
next value for hibernate_sequence;C_SYSTEM-D_FA.fa-lastfm-square;fa-lastfm-square css class;fa-lastfm-square
next value for hibernate_sequence;C_SYSTEM-D_FA.fa-line-chart;fa-line-chart css class;fa-line-chart
next value for hibernate_sequence;C_SYSTEM-D_FA.fa-meanpath;fa-meanpath css class;fa-meanpath
next value for hibernate_sequence;C_SYSTEM-D_FA.fa-newspaper-o;fa-newspaper-o css class;fa-newspaper-o
next value for hibernate_sequence;C_SYSTEM-D_FA.fa-paint-brush;fa-paint-brush css class;fa-paint-brush
next value for hibernate_sequence;C_SYSTEM-D_FA.fa-paypal;fa-paypal css class;fa-paypal
next value for hibernate_sequence;C_SYSTEM-D_FA.fa-pie-chart;fa-pie-chart css class;fa-pie-chart
next value for hibernate_sequence;C_SYSTEM-D_FA.fa-plug;fa-plug css class;fa-plug
next value for hibernate_sequence;C_SYSTEM-D_FA.fa-shekel;fa-shekel css class;fa-shekel
next value for hibernate_sequence;C_SYSTEM-D_FA.fa-shegel;fa-shegel css class;fa-shegel
next value for hibernate_sequence;C_SYSTEM-D_FA.fa-slideshare;fa-slideshare css class;fa-slideshare
next value for hibernate_sequence;C_SYSTEM-D_FA.fa-soccer-ball-o;fa-soccer-ball-o css class;fa-soccer-ball-o
next value for hibernate_sequence;C_SYSTEM-D_FA.fa-toggle-off;fa-toggle-off css class;fa-toggle-off
next value for hibernate_sequence;C_SYSTEM-D_FA.fa-toggle-on;fa-toggle-on css class;fa-toggle-on
next value for hibernate_sequence;C_SYSTEM-D_FA.fa-trash;fa-trash css class;fa-trash
next value for hibernate_sequence;C_SYSTEM-D_FA.fa-tty;fa-tty css class;fa-tty
next value for hibernate_sequence;C_SYSTEM-D_FA.fa-twitch;fa-twitch css class;fa-twitch
next value for hibernate_sequence;C_SYSTEM-D_FA.fa-wifi;fa-wifi css class;fa-wifi
next value for hibernate_sequence;C_SYSTEM-D_FA.fa-yelp;fa-yelp css class;fa-yelp
next value for hibernate_sequence;C_SYSTEM-D_FA.fa-rub;fa-rub css class;fa-rub
next value for hibernate_sequence;C_SYSTEM-D_FA.fa-ruble;fa-ruble css class;fa-ruble
next value for hibernate_sequence;C_SYSTEM-D_FA.fa-rouble;fa-rouble css class;fa-rouble
next value for hibernate_sequence;C_SYSTEM-D_FA.fa-pagelines;fa-pagelines css class;fa-pagelines
next value for hibernate_sequence;C_SYSTEM-D_FA.fa-stack-exchange;fa-stack-exchange css class;fa-stack-exchange
next value for hibernate_sequence;C_SYSTEM-D_FA.fa-arrow-circle-o-right;fa-arrow-circle-o-right css class;fa-arrow-circle-o-right
next value for hibernate_sequence;C_SYSTEM-D_FA.fa-arrow-circle-o-left;fa-arrow-circle-o-left css class;fa-arrow-circle-o-left
next value for hibernate_sequence;C_SYSTEM-D_FA.fa-caret-square-o-left;fa-caret-square-o-left css class;fa-caret-square-o-left
next value for hibernate_sequence;C_SYSTEM-D_FA.fa-toggle-left;fa-toggle-left css class;fa-toggle-left
next value for hibernate_sequence;C_SYSTEM-D_FA.fa-dot-circle-o;fa-dot-circle-o css class;fa-dot-circle-o
next value for hibernate_sequence;C_SYSTEM-D_FA.fa-wheelchair;fa-wheelchair css class;fa-wheelchair
next value for hibernate_sequence;C_SYSTEM-D_FA.fa-vimeo-square;fa-vimeo-square css class;fa-vimeo-square
next value for hibernate_sequence;C_SYSTEM-D_FA.fa-try;fa-try css class;fa-try
next value for hibernate_sequence;C_SYSTEM-D_FA.fa-turkish-lira;fa-turkish-lira css class;fa-turkish-lira
next value for hibernate_sequence;C_SYSTEM-D_FA.fa-plus-square-o;fa-plus-square-o css class;fa-plus-square-o
next value for hibernate_sequence;C_SYSTEM-D_FA.fa-adjust;fa-adjust css class;fa-adjust
next value for hibernate_sequence;C_SYSTEM-D_FA.fa-anchor;fa-anchor css class;fa-anchor
next value for hibernate_sequence;C_SYSTEM-D_FA.fa-archive;fa-archive css class;fa-archive
next value for hibernate_sequence;C_SYSTEM-D_FA.fa-arrows;fa-arrows css class;fa-arrows
next value for hibernate_sequence;C_SYSTEM-D_FA.fa-arrows-h;fa-arrows-h css class;fa-arrows-h
next value for hibernate_sequence;C_SYSTEM-D_FA.fa-arrows-v;fa-arrows-v css class;fa-arrows-v
next value for hibernate_sequence;C_SYSTEM-D_FA.fa-asterisk;fa-asterisk css class;fa-asterisk
next value for hibernate_sequence;C_SYSTEM-D_FA.fa-ban;fa-ban css class;fa-ban
next value for hibernate_sequence;C_SYSTEM-D_FA.fa-bar-chart-o;fa-bar-chart-o css class;fa-bar-chart-o
next value for hibernate_sequence;C_SYSTEM-D_FA.fa-barcode;fa-barcode css class;fa-barcode
next value for hibernate_sequence;C_SYSTEM-D_FA.fa-bars;fa-bars css class;fa-bars
next value for hibernate_sequence;C_SYSTEM-D_FA.fa-beer;fa-beer css class;fa-beer
next value for hibernate_sequence;C_SYSTEM-D_FA.fa-bell;fa-bell css class;fa-bell
next value for hibernate_sequence;C_SYSTEM-D_FA.fa-bell-o;fa-bell-o css class;fa-bell-o
next value for hibernate_sequence;C_SYSTEM-D_FA.fa-bolt;fa-bolt css class;fa-bolt
next value for hibernate_sequence;C_SYSTEM-D_FA.fa-book;fa-book css class;fa-book
next value for hibernate_sequence;C_SYSTEM-D_FA.fa-bookmark;fa-bookmark css class;fa-bookmark
next value for hibernate_sequence;C_SYSTEM-D_FA.fa-bookmark-o;fa-bookmark-o css class;fa-bookmark-o
next value for hibernate_sequence;C_SYSTEM-D_FA.fa-briefcase;fa-briefcase css class;fa-briefcase
next value for hibernate_sequence;C_SYSTEM-D_FA.fa-bug;fa-bug css class;fa-bug
next value for hibernate_sequence;C_SYSTEM-D_FA.fa-building-o;fa-building-o css class;fa-building-o
next value for hibernate_sequence;C_SYSTEM-D_FA.fa-bullhorn;fa-bullhorn css class;fa-bullhorn
next value for hibernate_sequence;C_SYSTEM-D_FA.fa-bullseye;fa-bullseye css class;fa-bullseye
next value for hibernate_sequence;C_SYSTEM-D_FA.fa-calendar;fa-calendar css class;fa-calendar
next value for hibernate_sequence;C_SYSTEM-D_FA.fa-calendar-o;fa-calendar-o css class;fa-calendar-o
next value for hibernate_sequence;C_SYSTEM-D_FA.fa-camera;fa-camera css class;fa-camera
next value for hibernate_sequence;C_SYSTEM-D_FA.fa-camera-retro;fa-camera-retro css class;fa-camera-retro
next value for hibernate_sequence;C_SYSTEM-D_FA.fa-caret-square-o-down;fa-caret-square-o-down css class;fa-caret-square-o-down
next value for hibernate_sequence;C_SYSTEM-D_FA.fa-caret-square-o-left;fa-caret-square-o-left css class;fa-caret-square-o-left
next value for hibernate_sequence;C_SYSTEM-D_FA.fa-caret-square-o-right;fa-caret-square-o-right css class;fa-caret-square-o-right
next value for hibernate_sequence;C_SYSTEM-D_FA.fa-caret-square-o-up;fa-caret-square-o-up css class;fa-caret-square-o-up
next value for hibernate_sequence;C_SYSTEM-D_FA.fa-certificate;fa-certificate css class;fa-certificate
next value for hibernate_sequence;C_SYSTEM-D_FA.fa-check;fa-check css class;fa-check
next value for hibernate_sequence;C_SYSTEM-D_FA.fa-check-circle;fa-check-circle css class;fa-check-circle
next value for hibernate_sequence;C_SYSTEM-D_FA.fa-check-circle-o;fa-check-circle-o css class;fa-check-circle-o
next value for hibernate_sequence;C_SYSTEM-D_FA.fa-check-square;fa-check-square css class;fa-check-square
next value for hibernate_sequence;C_SYSTEM-D_FA.fa-check-square-o;fa-check-square-o css class;fa-check-square-o
next value for hibernate_sequence;C_SYSTEM-D_FA.fa-circle;fa-circle css class;fa-circle
next value for hibernate_sequence;C_SYSTEM-D_FA.fa-circle-o;fa-circle-o css class;fa-circle-o
next value for hibernate_sequence;C_SYSTEM-D_FA.fa-clock-o;fa-clock-o css class;fa-clock-o
next value for hibernate_sequence;C_SYSTEM-D_FA.fa-cloud;fa-cloud css class;fa-cloud
next value for hibernate_sequence;C_SYSTEM-D_FA.fa-cloud-download;fa-cloud-download css class;fa-cloud-download
next value for hibernate_sequence;C_SYSTEM-D_FA.fa-cloud-upload;fa-cloud-upload css class;fa-cloud-upload
next value for hibernate_sequence;C_SYSTEM-D_FA.fa-code;fa-code css class;fa-code
next value for hibernate_sequence;C_SYSTEM-D_FA.fa-code-fork;fa-code-fork css class;fa-code-fork
next value for hibernate_sequence;C_SYSTEM-D_FA.fa-coffee;fa-coffee css class;fa-coffee
next value for hibernate_sequence;C_SYSTEM-D_FA.fa-cog;fa-cog css class;fa-cog
next value for hibernate_sequence;C_SYSTEM-D_FA.fa-cogs;fa-cogs css class;fa-cogs
next value for hibernate_sequence;C_SYSTEM-D_FA.fa-comment;fa-comment css class;fa-comment
next value for hibernate_sequence;C_SYSTEM-D_FA.fa-comment-o;fa-comment-o css class;fa-comment-o
next value for hibernate_sequence;C_SYSTEM-D_FA.fa-comments;fa-comments css class;fa-comments
next value for hibernate_sequence;C_SYSTEM-D_FA.fa-comments-o;fa-comments-o css class;fa-comments-o
next value for hibernate_sequence;C_SYSTEM-D_FA.fa-compass;fa-compass css class;fa-compass
next value for hibernate_sequence;C_SYSTEM-D_FA.fa-credit-card;fa-credit-card css class;fa-credit-card
next value for hibernate_sequence;C_SYSTEM-D_FA.fa-crop;fa-crop css class;fa-crop
next value for hibernate_sequence;C_SYSTEM-D_FA.fa-crosshairs;fa-crosshairs css class;fa-crosshairs
next value for hibernate_sequence;C_SYSTEM-D_FA.fa-cutlery;fa-cutlery css class;fa-cutlery
next value for hibernate_sequence;C_SYSTEM-D_FA.fa-dashboard;fa-dashboard css class;fa-dashboard
next value for hibernate_sequence;C_SYSTEM-D_FA.fa-desktop;fa-desktop css class;fa-desktop
next value for hibernate_sequence;C_SYSTEM-D_FA.fa-dot-circle-o;fa-dot-circle-o css class;fa-dot-circle-o
next value for hibernate_sequence;C_SYSTEM-D_FA.fa-download;fa-download css class;fa-download
next value for hibernate_sequence;C_SYSTEM-D_FA.fa-edit;fa-edit css class;fa-edit
next value for hibernate_sequence;C_SYSTEM-D_FA.fa-ellipsis-h;fa-ellipsis-h css class;fa-ellipsis-h
next value for hibernate_sequence;C_SYSTEM-D_FA.fa-ellipsis-v;fa-ellipsis-v css class;fa-ellipsis-v
next value for hibernate_sequence;C_SYSTEM-D_FA.fa-envelope;fa-envelope css class;fa-envelope
next value for hibernate_sequence;C_SYSTEM-D_FA.fa-envelope-o;fa-envelope-o css class;fa-envelope-o
next value for hibernate_sequence;C_SYSTEM-D_FA.fa-eraser;fa-eraser css class;fa-eraser
next value for hibernate_sequence;C_SYSTEM-D_FA.fa-exchange;fa-exchange css class;fa-exchange
next value for hibernate_sequence;C_SYSTEM-D_FA.fa-exclamation;fa-exclamation css class;fa-exclamation
next value for hibernate_sequence;C_SYSTEM-D_FA.fa-exclamation-circle;fa-exclamation-circle css class;fa-exclamation-circle
next value for hibernate_sequence;C_SYSTEM-D_FA.fa-exclamation-triangle;fa-exclamation-triangle css class;fa-exclamation-triangle
next value for hibernate_sequence;C_SYSTEM-D_FA.fa-external-link;fa-external-link css class;fa-external-link
next value for hibernate_sequence;C_SYSTEM-D_FA.fa-external-link-square;fa-external-link-square css class;fa-external-link-square
next value for hibernate_sequence;C_SYSTEM-D_FA.fa-eye;fa-eye css class;fa-eye
next value for hibernate_sequence;C_SYSTEM-D_FA.fa-eye-slash;fa-eye-slash css class;fa-eye-slash
next value for hibernate_sequence;C_SYSTEM-D_FA.fa-female;fa-female css class;fa-female
next value for hibernate_sequence;C_SYSTEM-D_FA.fa-fighter-jet;fa-fighter-jet css class;fa-fighter-jet
next value for hibernate_sequence;C_SYSTEM-D_FA.fa-film;fa-film css class;fa-film
next value for hibernate_sequence;C_SYSTEM-D_FA.fa-filter;fa-filter css class;fa-filter
next value for hibernate_sequence;C_SYSTEM-D_FA.fa-fire;fa-fire css class;fa-fire
next value for hibernate_sequence;C_SYSTEM-D_FA.fa-fire-extinguisher;fa-fire-extinguisher css class;fa-fire-extinguisher
next value for hibernate_sequence;C_SYSTEM-D_FA.fa-flag;fa-flag css class;fa-flag
next value for hibernate_sequence;C_SYSTEM-D_FA.fa-flag-checkered;fa-flag-checkered css class;fa-flag-checkered
next value for hibernate_sequence;C_SYSTEM-D_FA.fa-flag-o;fa-flag-o css class;fa-flag-o
next value for hibernate_sequence;C_SYSTEM-D_FA.fa-flash;fa-flash css class;fa-flash
next value for hibernate_sequence;C_SYSTEM-D_FA.fa-flask;fa-flask css class;fa-flask
next value for hibernate_sequence;C_SYSTEM-D_FA.fa-folder;fa-folder css class;fa-folder
next value for hibernate_sequence;C_SYSTEM-D_FA.fa-folder-o;fa-folder-o css class;fa-folder-o
next value for hibernate_sequence;C_SYSTEM-D_FA.fa-folder-open;fa-folder-open css class;fa-folder-open
next value for hibernate_sequence;C_SYSTEM-D_FA.fa-folder-open-o;fa-folder-open-o css class;fa-folder-open-o
next value for hibernate_sequence;C_SYSTEM-D_FA.fa-frown-o;fa-frown-o css class;fa-frown-o
next value for hibernate_sequence;C_SYSTEM-D_FA.fa-gamepad;fa-gamepad css class;fa-gamepad
next value for hibernate_sequence;C_SYSTEM-D_FA.fa-gavel;fa-gavel css class;fa-gavel
next value for hibernate_sequence;C_SYSTEM-D_FA.fa-gear;fa-gear css class;fa-gear
next value for hibernate_sequence;C_SYSTEM-D_FA.fa-gears;fa-gears css class;fa-gears
next value for hibernate_sequence;C_SYSTEM-D_FA.fa-gift;fa-gift css class;fa-gift
next value for hibernate_sequence;C_SYSTEM-D_FA.fa-glass;fa-glass css class;fa-glass
next value for hibernate_sequence;C_SYSTEM-D_FA.fa-globe;fa-globe css class;fa-globe
next value for hibernate_sequence;C_SYSTEM-D_FA.fa-group;fa-group css class;fa-group
next value for hibernate_sequence;C_SYSTEM-D_FA.fa-hdd-o;fa-hdd-o css class;fa-hdd-o
next value for hibernate_sequence;C_SYSTEM-D_FA.fa-headphones;fa-headphones css class;fa-headphones
next value for hibernate_sequence;C_SYSTEM-D_FA.fa-heart;fa-heart css class;fa-heart
next value for hibernate_sequence;C_SYSTEM-D_FA.fa-heart-o;fa-heart-o css class;fa-heart-o
next value for hibernate_sequence;C_SYSTEM-D_FA.fa-home;fa-home css class;fa-home
next value for hibernate_sequence;C_SYSTEM-D_FA.fa-inbox;fa-inbox css class;fa-inbox
next value for hibernate_sequence;C_SYSTEM-D_FA.fa-info;fa-info css class;fa-info
next value for hibernate_sequence;C_SYSTEM-D_FA.fa-info-circle;fa-info-circle css class;fa-info-circle
next value for hibernate_sequence;C_SYSTEM-D_FA.fa-key;fa-key css class;fa-key
next value for hibernate_sequence;C_SYSTEM-D_FA.fa-keyboard-o;fa-keyboard-o css class;fa-keyboard-o
next value for hibernate_sequence;C_SYSTEM-D_FA.fa-laptop;fa-laptop css class;fa-laptop
next value for hibernate_sequence;C_SYSTEM-D_FA.fa-leaf;fa-leaf css class;fa-leaf
next value for hibernate_sequence;C_SYSTEM-D_FA.fa-legal;fa-legal css class;fa-legal
next value for hibernate_sequence;C_SYSTEM-D_FA.fa-lemon-o;fa-lemon-o css class;fa-lemon-o
next value for hibernate_sequence;C_SYSTEM-D_FA.fa-level-down;fa-level-down css class;fa-level-down
next value for hibernate_sequence;C_SYSTEM-D_FA.fa-level-up;fa-level-up css class;fa-level-up
next value for hibernate_sequence;C_SYSTEM-D_FA.fa-lightbulb-o;fa-lightbulb-o css class;fa-lightbulb-o
next value for hibernate_sequence;C_SYSTEM-D_FA.fa-location-arrow;fa-location-arrow css class;fa-location-arrow
next value for hibernate_sequence;C_SYSTEM-D_FA.fa-lock;fa-lock css class;fa-lock
next value for hibernate_sequence;C_SYSTEM-D_FA.fa-magic;fa-magic css class;fa-magic
next value for hibernate_sequence;C_SYSTEM-D_FA.fa-magnet;fa-magnet css class;fa-magnet
next value for hibernate_sequence;C_SYSTEM-D_FA.fa-mail-forward;fa-mail-forward css class;fa-mail-forward
next value for hibernate_sequence;C_SYSTEM-D_FA.fa-mail-reply;fa-mail-reply css class;fa-mail-reply
next value for hibernate_sequence;C_SYSTEM-D_FA.fa-mail-reply-all;fa-mail-reply-all css class;fa-mail-reply-all
next value for hibernate_sequence;C_SYSTEM-D_FA.fa-male;fa-male css class;fa-male
next value for hibernate_sequence;C_SYSTEM-D_FA.fa-map-marker;fa-map-marker css class;fa-map-marker
next value for hibernate_sequence;C_SYSTEM-D_FA.fa-meh-o;fa-meh-o css class;fa-meh-o
next value for hibernate_sequence;C_SYSTEM-D_FA.fa-microphone;fa-microphone css class;fa-microphone
next value for hibernate_sequence;C_SYSTEM-D_FA.fa-microphone-slash;fa-microphone-slash css class;fa-microphone-slash
next value for hibernate_sequence;C_SYSTEM-D_FA.fa-minus;fa-minus css class;fa-minus
next value for hibernate_sequence;C_SYSTEM-D_FA.fa-minus-circle;fa-minus-circle css class;fa-minus-circle
next value for hibernate_sequence;C_SYSTEM-D_FA.fa-minus-square;fa-minus-square css class;fa-minus-square
next value for hibernate_sequence;C_SYSTEM-D_FA.fa-minus-square-o;fa-minus-square-o css class;fa-minus-square-o
next value for hibernate_sequence;C_SYSTEM-D_FA.fa-mobile;fa-mobile css class;fa-mobile
next value for hibernate_sequence;C_SYSTEM-D_FA.fa-mobile-phone;fa-mobile-phone css class;fa-mobile-phone
next value for hibernate_sequence;C_SYSTEM-D_FA.fa-money;fa-money css class;fa-money
next value for hibernate_sequence;C_SYSTEM-D_FA.fa-moon-o;fa-moon-o css class;fa-moon-o
next value for hibernate_sequence;C_SYSTEM-D_FA.fa-music;fa-music css class;fa-music
next value for hibernate_sequence;C_SYSTEM-D_FA.fa-pencil;fa-pencil css class;fa-pencil
next value for hibernate_sequence;C_SYSTEM-D_FA.fa-pencil-square;fa-pencil-square css class;fa-pencil-square
next value for hibernate_sequence;C_SYSTEM-D_FA.fa-pencil-square-o;fa-pencil-square-o css class;fa-pencil-square-o
next value for hibernate_sequence;C_SYSTEM-D_FA.fa-phone;fa-phone css class;fa-phone
next value for hibernate_sequence;C_SYSTEM-D_FA.fa-phone-square;fa-phone-square css class;fa-phone-square
next value for hibernate_sequence;C_SYSTEM-D_FA.fa-picture-o;fa-picture-o css class;fa-picture-o
next value for hibernate_sequence;C_SYSTEM-D_FA.fa-plane;fa-plane css class;fa-plane
next value for hibernate_sequence;C_SYSTEM-D_FA.fa-plus;fa-plus css class;fa-plus
next value for hibernate_sequence;C_SYSTEM-D_FA.fa-plus-circle;fa-plus-circle css class;fa-plus-circle
next value for hibernate_sequence;C_SYSTEM-D_FA.fa-plus-square;fa-plus-square css class;fa-plus-square
next value for hibernate_sequence;C_SYSTEM-D_FA.fa-plus-square-o;fa-plus-square-o css class;fa-plus-square-o
next value for hibernate_sequence;C_SYSTEM-D_FA.fa-power-off;fa-power-off css class;fa-power-off
next value for hibernate_sequence;C_SYSTEM-D_FA.fa-print;fa-print css class;fa-print
next value for hibernate_sequence;C_SYSTEM-D_FA.fa-puzzle-piece;fa-puzzle-piece css class;fa-puzzle-piece
next value for hibernate_sequence;C_SYSTEM-D_FA.fa-qrcode;fa-qrcode css class;fa-qrcode
next value for hibernate_sequence;C_SYSTEM-D_FA.fa-question;fa-question css class;fa-question
next value for hibernate_sequence;C_SYSTEM-D_FA.fa-question-circle;fa-question-circle css class;fa-question-circle
next value for hibernate_sequence;C_SYSTEM-D_FA.fa-quote-left;fa-quote-left css class;fa-quote-left
next value for hibernate_sequence;C_SYSTEM-D_FA.fa-quote-right;fa-quote-right css class;fa-quote-right
next value for hibernate_sequence;C_SYSTEM-D_FA.fa-random;fa-random css class;fa-random
next value for hibernate_sequence;C_SYSTEM-D_FA.fa-refresh;fa-refresh css class;fa-refresh
next value for hibernate_sequence;C_SYSTEM-D_FA.fa-reply;fa-reply css class;fa-reply
next value for hibernate_sequence;C_SYSTEM-D_FA.fa-reply-all;fa-reply-all css class;fa-reply-all
next value for hibernate_sequence;C_SYSTEM-D_FA.fa-retweet;fa-retweet css class;fa-retweet
next value for hibernate_sequence;C_SYSTEM-D_FA.fa-road;fa-road css class;fa-road
next value for hibernate_sequence;C_SYSTEM-D_FA.fa-rocket;fa-rocket css class;fa-rocket
next value for hibernate_sequence;C_SYSTEM-D_FA.fa-rss;fa-rss css class;fa-rss
next value for hibernate_sequence;C_SYSTEM-D_FA.fa-rss-square;fa-rss-square css class;fa-rss-square
next value for hibernate_sequence;C_SYSTEM-D_FA.fa-search;fa-search css class;fa-search
next value for hibernate_sequence;C_SYSTEM-D_FA.fa-search-minus;fa-search-minus css class;fa-search-minus
next value for hibernate_sequence;C_SYSTEM-D_FA.fa-search-plus;fa-search-plus css class;fa-search-plus
next value for hibernate_sequence;C_SYSTEM-D_FA.fa-share;fa-share css class;fa-share
next value for hibernate_sequence;C_SYSTEM-D_FA.fa-share-square;fa-share-square css class;fa-share-square
next value for hibernate_sequence;C_SYSTEM-D_FA.fa-share-square-o;fa-share-square-o css class;fa-share-square-o
next value for hibernate_sequence;C_SYSTEM-D_FA.fa-shield;fa-shield css class;fa-shield
next value for hibernate_sequence;C_SYSTEM-D_FA.fa-shopping-cart;fa-shopping-cart css class;fa-shopping-cart
next value for hibernate_sequence;C_SYSTEM-D_FA.fa-sign-in;fa-sign-in css class;fa-sign-in
next value for hibernate_sequence;C_SYSTEM-D_FA.fa-sign-out;fa-sign-out css class;fa-sign-out
next value for hibernate_sequence;C_SYSTEM-D_FA.fa-signal;fa-signal css class;fa-signal
next value for hibernate_sequence;C_SYSTEM-D_FA.fa-sitemap;fa-sitemap css class;fa-sitemap
next value for hibernate_sequence;C_SYSTEM-D_FA.fa-smile-o;fa-smile-o css class;fa-smile-o
next value for hibernate_sequence;C_SYSTEM-D_FA.fa-sort;fa-sort css class;fa-sort
next value for hibernate_sequence;C_SYSTEM-D_FA.fa-sort-alpha-asc;fa-sort-alpha-asc css class;fa-sort-alpha-asc
next value for hibernate_sequence;C_SYSTEM-D_FA.fa-sort-alpha-desc;fa-sort-alpha-desc css class;fa-sort-alpha-desc
next value for hibernate_sequence;C_SYSTEM-D_FA.fa-sort-amount-asc;fa-sort-amount-asc css class;fa-sort-amount-asc
next value for hibernate_sequence;C_SYSTEM-D_FA.fa-sort-amount-desc;fa-sort-amount-desc css class;fa-sort-amount-desc
next value for hibernate_sequence;C_SYSTEM-D_FA.fa-sort-asc;fa-sort-asc css class;fa-sort-asc
next value for hibernate_sequence;C_SYSTEM-D_FA.fa-sort-desc;fa-sort-desc css class;fa-sort-desc
next value for hibernate_sequence;C_SYSTEM-D_FA.fa-sort-down;fa-sort-down css class;fa-sort-down
next value for hibernate_sequence;C_SYSTEM-D_FA.fa-sort-numeric-asc;fa-sort-numeric-asc css class;fa-sort-numeric-asc
next value for hibernate_sequence;C_SYSTEM-D_FA.fa-sort-numeric-desc;fa-sort-numeric-desc css class;fa-sort-numeric-desc
next value for hibernate_sequence;C_SYSTEM-D_FA.fa-sort-up;fa-sort-up css class;fa-sort-up
next value for hibernate_sequence;C_SYSTEM-D_FA.fa-spinner;fa-spinner css class;fa-spinner
next value for hibernate_sequence;C_SYSTEM-D_FA.fa-square;fa-square css class;fa-square
next value for hibernate_sequence;C_SYSTEM-D_FA.fa-square-o;fa-square-o css class;fa-square-o
next value for hibernate_sequence;C_SYSTEM-D_FA.fa-star;fa-star css class;fa-star
next value for hibernate_sequence;C_SYSTEM-D_FA.fa-star-half;fa-star-half css class;fa-star-half
next value for hibernate_sequence;C_SYSTEM-D_FA.fa-star-half-empty;fa-star-half-empty css class;fa-star-half-empty
next value for hibernate_sequence;C_SYSTEM-D_FA.fa-star-half-full;fa-star-half-full css class;fa-star-half-full
next value for hibernate_sequence;C_SYSTEM-D_FA.fa-star-half-o;fa-star-half-o css class;fa-star-half-o
next value for hibernate_sequence;C_SYSTEM-D_FA.fa-star-o;fa-star-o css class;fa-star-o
next value for hibernate_sequence;C_SYSTEM-D_FA.fa-subscript;fa-subscript css class;fa-subscript
next value for hibernate_sequence;C_SYSTEM-D_FA.fa-suitcase;fa-suitcase css class;fa-suitcase
next value for hibernate_sequence;C_SYSTEM-D_FA.fa-sun-o;fa-sun-o css class;fa-sun-o
next value for hibernate_sequence;C_SYSTEM-D_FA.fa-superscript;fa-superscript css class;fa-superscript
next value for hibernate_sequence;C_SYSTEM-D_FA.fa-tablet;fa-tablet css class;fa-tablet
next value for hibernate_sequence;C_SYSTEM-D_FA.fa-tachometer;fa-tachometer css class;fa-tachometer
next value for hibernate_sequence;C_SYSTEM-D_FA.fa-tag;fa-tag css class;fa-tag
next value for hibernate_sequence;C_SYSTEM-D_FA.fa-tags;fa-tags css class;fa-tags
next value for hibernate_sequence;C_SYSTEM-D_FA.fa-tasks;fa-tasks css class;fa-tasks
next value for hibernate_sequence;C_SYSTEM-D_FA.fa-terminal;fa-terminal css class;fa-terminal
next value for hibernate_sequence;C_SYSTEM-D_FA.fa-thumb-tack;fa-thumb-tack css class;fa-thumb-tack
next value for hibernate_sequence;C_SYSTEM-D_FA.fa-thumbs-down;fa-thumbs-down css class;fa-thumbs-down
next value for hibernate_sequence;C_SYSTEM-D_FA.fa-thumbs-o-down;fa-thumbs-o-down css class;fa-thumbs-o-down
next value for hibernate_sequence;C_SYSTEM-D_FA.fa-thumbs-o-up;fa-thumbs-o-up css class;fa-thumbs-o-up
next value for hibernate_sequence;C_SYSTEM-D_FA.fa-thumbs-up;fa-thumbs-up css class;fa-thumbs-up
next value for hibernate_sequence;C_SYSTEM-D_FA.fa-ticket;fa-ticket css class;fa-ticket
next value for hibernate_sequence;C_SYSTEM-D_FA.fa-times;fa-times css class;fa-times
next value for hibernate_sequence;C_SYSTEM-D_FA.fa-times-circle;fa-times-circle css class;fa-times-circle
next value for hibernate_sequence;C_SYSTEM-D_FA.fa-times-circle-o;fa-times-circle-o css class;fa-times-circle-o
next value for hibernate_sequence;C_SYSTEM-D_FA.fa-tint;fa-tint css class;fa-tint
next value for hibernate_sequence;C_SYSTEM-D_FA.fa-toggle-down;fa-toggle-down css class;fa-toggle-down
next value for hibernate_sequence;C_SYSTEM-D_FA.fa-toggle-left;fa-toggle-left css class;fa-toggle-left
next value for hibernate_sequence;C_SYSTEM-D_FA.fa-toggle-right;fa-toggle-right css class;fa-toggle-right
next value for hibernate_sequence;C_SYSTEM-D_FA.fa-toggle-up;fa-toggle-up css class;fa-toggle-up
next value for hibernate_sequence;C_SYSTEM-D_FA.fa-trash-o;fa-trash-o css class;fa-trash-o
next value for hibernate_sequence;C_SYSTEM-D_FA.fa-trophy;fa-trophy css class;fa-trophy
next value for hibernate_sequence;C_SYSTEM-D_FA.fa-truck;fa-truck css class;fa-truck
next value for hibernate_sequence;C_SYSTEM-D_FA.fa-umbrella;fa-umbrella css class;fa-umbrella
next value for hibernate_sequence;C_SYSTEM-D_FA.fa-unlock;fa-unlock css class;fa-unlock
next value for hibernate_sequence;C_SYSTEM-D_FA.fa-unlock-alt;fa-unlock-alt css class;fa-unlock-alt
next value for hibernate_sequence;C_SYSTEM-D_FA.fa-unsorted;fa-unsorted css class;fa-unsorted
next value for hibernate_sequence;C_SYSTEM-D_FA.fa-upload;fa-upload css class;fa-upload
next value for hibernate_sequence;C_SYSTEM-D_FA.fa-user;fa-user css class;fa-user
next value for hibernate_sequence;C_SYSTEM-D_FA.fa-users;fa-users css class;fa-users
next value for hibernate_sequence;C_SYSTEM-D_FA.fa-video-camera;fa-video-camera css class;fa-video-camera
next value for hibernate_sequence;C_SYSTEM-D_FA.fa-volume-down;fa-volume-down css class;fa-volume-down
next value for hibernate_sequence;C_SYSTEM-D_FA.fa-volume-off;fa-volume-off css class;fa-volume-off
next value for hibernate_sequence;C_SYSTEM-D_FA.fa-volume-up;fa-volume-up css class;fa-volume-up
next value for hibernate_sequence;C_SYSTEM-D_FA.fa-warning;fa-warning css class;fa-warning
next value for hibernate_sequence;C_SYSTEM-D_FA.fa-wheelchair;fa-wheelchair css class;fa-wheelchair
next value for hibernate_sequence;C_SYSTEM-D_FA.fa-wrench;fa-wrench css class;fa-wrench
next value for hibernate_sequence;C_SYSTEM-D_FA.fa-check-square;fa-check-square css class;fa-check-square
next value for hibernate_sequence;C_SYSTEM-D_FA.fa-check-square-o;fa-check-square-o css class;fa-check-square-o
next value for hibernate_sequence;C_SYSTEM-D_FA.fa-circle;fa-circle css class;fa-circle
next value for hibernate_sequence;C_SYSTEM-D_FA.fa-circle-o;fa-circle-o css class;fa-circle-o
next value for hibernate_sequence;C_SYSTEM-D_FA.fa-dot-circle-o;fa-dot-circle-o css class;fa-dot-circle-o
next value for hibernate_sequence;C_SYSTEM-D_FA.fa-minus-square;fa-minus-square css class;fa-minus-square
next value for hibernate_sequence;C_SYSTEM-D_FA.fa-minus-square-o;fa-minus-square-o css class;fa-minus-square-o
next value for hibernate_sequence;C_SYSTEM-D_FA.fa-plus-square;fa-plus-square css class;fa-plus-square
next value for hibernate_sequence;C_SYSTEM-D_FA.fa-plus-square-o;fa-plus-square-o css class;fa-plus-square-o
next value for hibernate_sequence;C_SYSTEM-D_FA.fa-square;fa-square css class;fa-square
next value for hibernate_sequence;C_SYSTEM-D_FA.fa-square-o;fa-square-o css class;fa-square-o
next value for hibernate_sequence;C_SYSTEM-D_FA.fa-bitcoin;fa-bitcoin css class;fa-bitcoin
next value for hibernate_sequence;C_SYSTEM-D_FA.fa-btc;fa-btc css class;fa-btc
next value for hibernate_sequence;C_SYSTEM-D_FA.fa-cny;fa-cny css class;fa-cny
next value for hibernate_sequence;C_SYSTEM-D_FA.fa-dollar;fa-dollar css class;fa-dollar
next value for hibernate_sequence;C_SYSTEM-D_FA.fa-eur;fa-eur css class;fa-eur
next value for hibernate_sequence;C_SYSTEM-D_FA.fa-euro;fa-euro css class;fa-euro
next value for hibernate_sequence;C_SYSTEM-D_FA.fa-gbp;fa-gbp css class;fa-gbp
next value for hibernate_sequence;C_SYSTEM-D_FA.fa-inr;fa-inr css class;fa-inr
next value for hibernate_sequence;C_SYSTEM-D_FA.fa-jpy;fa-jpy css class;fa-jpy
next value for hibernate_sequence;C_SYSTEM-D_FA.fa-krw;fa-krw css class;fa-krw
next value for hibernate_sequence;C_SYSTEM-D_FA.fa-money;fa-money css class;fa-money
next value for hibernate_sequence;C_SYSTEM-D_FA.fa-rmb;fa-rmb css class;fa-rmb
next value for hibernate_sequence;C_SYSTEM-D_FA.fa-rouble;fa-rouble css class;fa-rouble
next value for hibernate_sequence;C_SYSTEM-D_FA.fa-rub;fa-rub css class;fa-rub
next value for hibernate_sequence;C_SYSTEM-D_FA.fa-ruble;fa-ruble css class;fa-ruble
next value for hibernate_sequence;C_SYSTEM-D_FA.fa-rupee;fa-rupee css class;fa-rupee
next value for hibernate_sequence;C_SYSTEM-D_FA.fa-try;fa-try css class;fa-try
next value for hibernate_sequence;C_SYSTEM-D_FA.fa-turkish-lira;fa-turkish-lira css class;fa-turkish-lira
next value for hibernate_sequence;C_SYSTEM-D_FA.fa-usd;fa-usd css class;fa-usd
next value for hibernate_sequence;C_SYSTEM-D_FA.fa-won;fa-won css class;fa-won
next value for hibernate_sequence;C_SYSTEM-D_FA.fa-yen;fa-yen css class;fa-yen
next value for hibernate_sequence;C_SYSTEM-D_FA.fa-align-center;fa-align-center css class;fa-align-center
next value for hibernate_sequence;C_SYSTEM-D_FA.fa-align-justify;fa-align-justify css class;fa-align-justify
next value for hibernate_sequence;C_SYSTEM-D_FA.fa-align-left;fa-align-left css class;fa-align-left
next value for hibernate_sequence;C_SYSTEM-D_FA.fa-align-right;fa-align-right css class;fa-align-right
next value for hibernate_sequence;C_SYSTEM-D_FA.fa-bold;fa-bold css class;fa-bold
next value for hibernate_sequence;C_SYSTEM-D_FA.fa-chain;fa-chain css class;fa-chain
next value for hibernate_sequence;C_SYSTEM-D_FA.fa-chain-broken;fa-chain-broken css class;fa-chain-broken
next value for hibernate_sequence;C_SYSTEM-D_FA.fa-clipboard;fa-clipboard css class;fa-clipboard
next value for hibernate_sequence;C_SYSTEM-D_FA.fa-columns;fa-columns css class;fa-columns
next value for hibernate_sequence;C_SYSTEM-D_FA.fa-copy;fa-copy css class;fa-copy
next value for hibernate_sequence;C_SYSTEM-D_FA.fa-cut;fa-cut css class;fa-cut
next value for hibernate_sequence;C_SYSTEM-D_FA.fa-dedent;fa-dedent css class;fa-dedent
next value for hibernate_sequence;C_SYSTEM-D_FA.fa-eraser;fa-eraser css class;fa-eraser
next value for hibernate_sequence;C_SYSTEM-D_FA.fa-file;fa-file css class;fa-file
next value for hibernate_sequence;C_SYSTEM-D_FA.fa-file-o;fa-file-o css class;fa-file-o
next value for hibernate_sequence;C_SYSTEM-D_FA.fa-file-text;fa-file-text css class;fa-file-text
next value for hibernate_sequence;C_SYSTEM-D_FA.fa-file-text-o;fa-file-text-o css class;fa-file-text-o
next value for hibernate_sequence;C_SYSTEM-D_FA.fa-files-o;fa-files-o css class;fa-files-o
next value for hibernate_sequence;C_SYSTEM-D_FA.fa-floppy-o;fa-floppy-o css class;fa-floppy-o
next value for hibernate_sequence;C_SYSTEM-D_FA.fa-font;fa-font css class;fa-font
next value for hibernate_sequence;C_SYSTEM-D_FA.fa-indent;fa-indent css class;fa-indent
next value for hibernate_sequence;C_SYSTEM-D_FA.fa-italic;fa-italic css class;fa-italic
next value for hibernate_sequence;C_SYSTEM-D_FA.fa-link;fa-link css class;fa-link
next value for hibernate_sequence;C_SYSTEM-D_FA.fa-list;fa-list css class;fa-list
next value for hibernate_sequence;C_SYSTEM-D_FA.fa-list-alt;fa-list-alt css class;fa-list-alt
next value for hibernate_sequence;C_SYSTEM-D_FA.fa-list-ol;fa-list-ol css class;fa-list-ol
next value for hibernate_sequence;C_SYSTEM-D_FA.fa-list-ul;fa-list-ul css class;fa-list-ul
next value for hibernate_sequence;C_SYSTEM-D_FA.fa-outdent;fa-outdent css class;fa-outdent
next value for hibernate_sequence;C_SYSTEM-D_FA.fa-paperclip;fa-paperclip css class;fa-paperclip
next value for hibernate_sequence;C_SYSTEM-D_FA.fa-paste;fa-paste css class;fa-paste
next value for hibernate_sequence;C_SYSTEM-D_FA.fa-repeat;fa-repeat css class;fa-repeat
next value for hibernate_sequence;C_SYSTEM-D_FA.fa-rotate-left;fa-rotate-left css class;fa-rotate-left
next value for hibernate_sequence;C_SYSTEM-D_FA.fa-rotate-right;fa-rotate-right css class;fa-rotate-right
next value for hibernate_sequence;C_SYSTEM-D_FA.fa-save;fa-save css class;fa-save
next value for hibernate_sequence;C_SYSTEM-D_FA.fa-scissors;fa-scissors css class;fa-scissors
next value for hibernate_sequence;C_SYSTEM-D_FA.fa-strikethrough;fa-strikethrough css class;fa-strikethrough
next value for hibernate_sequence;C_SYSTEM-D_FA.fa-table;fa-table css class;fa-table
next value for hibernate_sequence;C_SYSTEM-D_FA.fa-text-height;fa-text-height css class;fa-text-height
next value for hibernate_sequence;C_SYSTEM-D_FA.fa-text-width;fa-text-width css class;fa-text-width
next value for hibernate_sequence;C_SYSTEM-D_FA.fa-th;fa-th css class;fa-th
next value for hibernate_sequence;C_SYSTEM-D_FA.fa-th-large;fa-th-large css class;fa-th-large
next value for hibernate_sequence;C_SYSTEM-D_FA.fa-th-list;fa-th-list css class;fa-th-list
next value for hibernate_sequence;C_SYSTEM-D_FA.fa-underline;fa-underline css class;fa-underline
next value for hibernate_sequence;C_SYSTEM-D_FA.fa-undo;fa-undo css class;fa-undo
next value for hibernate_sequence;C_SYSTEM-D_FA.fa-unlink;fa-unlink css class;fa-unlink
next value for hibernate_sequence;C_SYSTEM-D_FA.fa-angle-double-down;fa-angle-double-down css class;fa-angle-double-down
next value for hibernate_sequence;C_SYSTEM-D_FA.fa-angle-double-left;fa-angle-double-left css class;fa-angle-double-left
next value for hibernate_sequence;C_SYSTEM-D_FA.fa-angle-double-right;fa-angle-double-right css class;fa-angle-double-right
next value for hibernate_sequence;C_SYSTEM-D_FA.fa-angle-double-up;fa-angle-double-up css class;fa-angle-double-up
next value for hibernate_sequence;C_SYSTEM-D_FA.fa-angle-down;fa-angle-down css class;fa-angle-down
next value for hibernate_sequence;C_SYSTEM-D_FA.fa-angle-left;fa-angle-left css class;fa-angle-left
next value for hibernate_sequence;C_SYSTEM-D_FA.fa-angle-right;fa-angle-right css class;fa-angle-right
next value for hibernate_sequence;C_SYSTEM-D_FA.fa-angle-up;fa-angle-up css class;fa-angle-up
next value for hibernate_sequence;C_SYSTEM-D_FA.fa-arrow-circle-down;fa-arrow-circle-down css class;fa-arrow-circle-down
next value for hibernate_sequence;C_SYSTEM-D_FA.fa-arrow-circle-left;fa-arrow-circle-left css class;fa-arrow-circle-left
next value for hibernate_sequence;C_SYSTEM-D_FA.fa-arrow-circle-o-down;fa-arrow-circle-o-down css class;fa-arrow-circle-o-down
next value for hibernate_sequence;C_SYSTEM-D_FA.fa-arrow-circle-o-left;fa-arrow-circle-o-left css class;fa-arrow-circle-o-left
next value for hibernate_sequence;C_SYSTEM-D_FA.fa-arrow-circle-o-right;fa-arrow-circle-o-right css class;fa-arrow-circle-o-right
next value for hibernate_sequence;C_SYSTEM-D_FA.fa-arrow-circle-o-up;fa-arrow-circle-o-up css class;fa-arrow-circle-o-up
next value for hibernate_sequence;C_SYSTEM-D_FA.fa-arrow-circle-right;fa-arrow-circle-right css class;fa-arrow-circle-right
next value for hibernate_sequence;C_SYSTEM-D_FA.fa-arrow-circle-up;fa-arrow-circle-up css class;fa-arrow-circle-up
next value for hibernate_sequence;C_SYSTEM-D_FA.fa-arrow-down;fa-arrow-down css class;fa-arrow-down
next value for hibernate_sequence;C_SYSTEM-D_FA.fa-arrow-left;fa-arrow-left css class;fa-arrow-left
next value for hibernate_sequence;C_SYSTEM-D_FA.fa-arrow-right;fa-arrow-right css class;fa-arrow-right
next value for hibernate_sequence;C_SYSTEM-D_FA.fa-arrow-up;fa-arrow-up css class;fa-arrow-up
next value for hibernate_sequence;C_SYSTEM-D_FA.fa-arrows;fa-arrows css class;fa-arrows
next value for hibernate_sequence;C_SYSTEM-D_FA.fa-arrows-alt;fa-arrows-alt css class;fa-arrows-alt
next value for hibernate_sequence;C_SYSTEM-D_FA.fa-arrows-h;fa-arrows-h css class;fa-arrows-h
next value for hibernate_sequence;C_SYSTEM-D_FA.fa-arrows-v;fa-arrows-v css class;fa-arrows-v
next value for hibernate_sequence;C_SYSTEM-D_FA.fa-caret-down;fa-caret-down css class;fa-caret-down
next value for hibernate_sequence;C_SYSTEM-D_FA.fa-caret-left;fa-caret-left css class;fa-caret-left
next value for hibernate_sequence;C_SYSTEM-D_FA.fa-caret-right;fa-caret-right css class;fa-caret-right
next value for hibernate_sequence;C_SYSTEM-D_FA.fa-caret-square-o-down;fa-caret-square-o-down css class;fa-caret-square-o-down
next value for hibernate_sequence;C_SYSTEM-D_FA.fa-caret-square-o-left;fa-caret-square-o-left css class;fa-caret-square-o-left
next value for hibernate_sequence;C_SYSTEM-D_FA.fa-caret-square-o-right;fa-caret-square-o-right css class;fa-caret-square-o-right
next value for hibernate_sequence;C_SYSTEM-D_FA.fa-caret-square-o-up;fa-caret-square-o-up css class;fa-caret-square-o-up
next value for hibernate_sequence;C_SYSTEM-D_FA.fa-caret-up;fa-caret-up css class;fa-caret-up
next value for hibernate_sequence;C_SYSTEM-D_FA.fa-chevron-circle-down;fa-chevron-circle-down css class;fa-chevron-circle-down
next value for hibernate_sequence;C_SYSTEM-D_FA.fa-chevron-circle-left;fa-chevron-circle-left css class;fa-chevron-circle-left
next value for hibernate_sequence;C_SYSTEM-D_FA.fa-chevron-circle-right;fa-chevron-circle-right css class;fa-chevron-circle-right
next value for hibernate_sequence;C_SYSTEM-D_FA.fa-chevron-circle-up;fa-chevron-circle-up css class;fa-chevron-circle-up
next value for hibernate_sequence;C_SYSTEM-D_FA.fa-chevron-down;fa-chevron-down css class;fa-chevron-down
next value for hibernate_sequence;C_SYSTEM-D_FA.fa-chevron-left;fa-chevron-left css class;fa-chevron-left
next value for hibernate_sequence;C_SYSTEM-D_FA.fa-chevron-right;fa-chevron-right css class;fa-chevron-right
next value for hibernate_sequence;C_SYSTEM-D_FA.fa-chevron-up;fa-chevron-up css class;fa-chevron-up
next value for hibernate_sequence;C_SYSTEM-D_FA.fa-hand-o-down;fa-hand-o-down css class;fa-hand-o-down
next value for hibernate_sequence;C_SYSTEM-D_FA.fa-hand-o-left;fa-hand-o-left css class;fa-hand-o-left
next value for hibernate_sequence;C_SYSTEM-D_FA.fa-hand-o-right;fa-hand-o-right css class;fa-hand-o-right
next value for hibernate_sequence;C_SYSTEM-D_FA.fa-hand-o-up;fa-hand-o-up css class;fa-hand-o-up
next value for hibernate_sequence;C_SYSTEM-D_FA.fa-long-arrow-down;fa-long-arrow-down css class;fa-long-arrow-down
next value for hibernate_sequence;C_SYSTEM-D_FA.fa-long-arrow-left;fa-long-arrow-left css class;fa-long-arrow-left
next value for hibernate_sequence;C_SYSTEM-D_FA.fa-long-arrow-right;fa-long-arrow-right css class;fa-long-arrow-right
next value for hibernate_sequence;C_SYSTEM-D_FA.fa-long-arrow-up;fa-long-arrow-up css class;fa-long-arrow-up
next value for hibernate_sequence;C_SYSTEM-D_FA.fa-toggle-down;fa-toggle-down css class;fa-toggle-down
next value for hibernate_sequence;C_SYSTEM-D_FA.fa-toggle-left;fa-toggle-left css class;fa-toggle-left
next value for hibernate_sequence;C_SYSTEM-D_FA.fa-toggle-right;fa-toggle-right css class;fa-toggle-right
next value for hibernate_sequence;C_SYSTEM-D_FA.fa-toggle-up;fa-toggle-up css class;fa-toggle-up
next value for hibernate_sequence;C_SYSTEM-D_FA.fa-arrows-alt;fa-arrows-alt css class;fa-arrows-alt
next value for hibernate_sequence;C_SYSTEM-D_FA.fa-backward;fa-backward css class;fa-backward
next value for hibernate_sequence;C_SYSTEM-D_FA.fa-compress;fa-compress css class;fa-compress
next value for hibernate_sequence;C_SYSTEM-D_FA.fa-eject;fa-eject css class;fa-eject
next value for hibernate_sequence;C_SYSTEM-D_FA.fa-expand;fa-expand css class;fa-expand
next value for hibernate_sequence;C_SYSTEM-D_FA.fa-fast-backward;fa-fast-backward css class;fa-fast-backward
next value for hibernate_sequence;C_SYSTEM-D_FA.fa-fast-forward;fa-fast-forward css class;fa-fast-forward
next value for hibernate_sequence;C_SYSTEM-D_FA.fa-forward;fa-forward css class;fa-forward
next value for hibernate_sequence;C_SYSTEM-D_FA.fa-pause;fa-pause css class;fa-pause
next value for hibernate_sequence;C_SYSTEM-D_FA.fa-play;fa-play css class;fa-play
next value for hibernate_sequence;C_SYSTEM-D_FA.fa-play-circle;fa-play-circle css class;fa-play-circle
next value for hibernate_sequence;C_SYSTEM-D_FA.fa-play-circle-o;fa-play-circle-o css class;fa-play-circle-o
next value for hibernate_sequence;C_SYSTEM-D_FA.fa-step-backward;fa-step-backward css class;fa-step-backward
next value for hibernate_sequence;C_SYSTEM-D_FA.fa-step-forward;fa-step-forward css class;fa-step-forward
next value for hibernate_sequence;C_SYSTEM-D_FA.fa-stop;fa-stop css class;fa-stop
next value for hibernate_sequence;C_SYSTEM-D_FA.fa-youtube-play;fa-youtube-play css class;fa-youtube-play
next value for hibernate_sequence;C_SYSTEM-D_FA.fa-adn;fa-adn css class;fa-adn
next value for hibernate_sequence;C_SYSTEM-D_FA.fa-android;fa-android css class;fa-android
next value for hibernate_sequence;C_SYSTEM-D_FA.fa-apple;fa-apple css class;fa-apple
next value for hibernate_sequence;C_SYSTEM-D_FA.fa-bitbucket;fa-bitbucket css class;fa-bitbucket
next value for hibernate_sequence;C_SYSTEM-D_FA.fa-bitbucket-square;fa-bitbucket-square css class;fa-bitbucket-square
next value for hibernate_sequence;C_SYSTEM-D_FA.fa-bitcoin;fa-bitcoin css class;fa-bitcoin
next value for hibernate_sequence;C_SYSTEM-D_FA.fa-btc;fa-btc css class;fa-btc
next value for hibernate_sequence;C_SYSTEM-D_FA.fa-css3;fa-css3 css class;fa-css3
next value for hibernate_sequence;C_SYSTEM-D_FA.fa-dribbble;fa-dribbble css class;fa-dribbble
next value for hibernate_sequence;C_SYSTEM-D_FA.fa-dropbox;fa-dropbox css class;fa-dropbox
next value for hibernate_sequence;C_SYSTEM-D_FA.fa-facebook;fa-facebook css class;fa-facebook
next value for hibernate_sequence;C_SYSTEM-D_FA.fa-facebook-square;fa-facebook-square css class;fa-facebook-square
next value for hibernate_sequence;C_SYSTEM-D_FA.fa-flickr;fa-flickr css class;fa-flickr
next value for hibernate_sequence;C_SYSTEM-D_FA.fa-foursquare;fa-foursquare css class;fa-foursquare
next value for hibernate_sequence;C_SYSTEM-D_FA.fa-github;fa-github css class;fa-github
next value for hibernate_sequence;C_SYSTEM-D_FA.fa-github-alt;fa-github-alt css class;fa-github-alt
next value for hibernate_sequence;C_SYSTEM-D_FA.fa-github-square;fa-github-square css class;fa-github-square
next value for hibernate_sequence;C_SYSTEM-D_FA.fa-gittip;fa-gittip css class;fa-gittip
next value for hibernate_sequence;C_SYSTEM-D_FA.fa-google-plus;fa-google-plus css class;fa-google-plus
next value for hibernate_sequence;C_SYSTEM-D_FA.fa-google-plus-square;fa-google-plus-square css class;fa-google-plus-square
next value for hibernate_sequence;C_SYSTEM-D_FA.fa-html5;fa-html5 css class;fa-html5
next value for hibernate_sequence;C_SYSTEM-D_FA.fa-instagram;fa-instagram css class;fa-instagram
next value for hibernate_sequence;C_SYSTEM-D_FA.fa-linkedin;fa-linkedin css class;fa-linkedin
next value for hibernate_sequence;C_SYSTEM-D_FA.fa-linkedin-square;fa-linkedin-square css class;fa-linkedin-square
next value for hibernate_sequence;C_SYSTEM-D_FA.fa-linux;fa-linux css class;fa-linux
next value for hibernate_sequence;C_SYSTEM-D_FA.fa-maxcdn;fa-maxcdn css class;fa-maxcdn
next value for hibernate_sequence;C_SYSTEM-D_FA.fa-pagelines;fa-pagelines css class;fa-pagelines
next value for hibernate_sequence;C_SYSTEM-D_FA.fa-pinterest;fa-pinterest css class;fa-pinterest
next value for hibernate_sequence;C_SYSTEM-D_FA.fa-pinterest-square;fa-pinterest-square css class;fa-pinterest-square
next value for hibernate_sequence;C_SYSTEM-D_FA.fa-renren;fa-renren css class;fa-renren
next value for hibernate_sequence;C_SYSTEM-D_FA.fa-skype;fa-skype css class;fa-skype
next value for hibernate_sequence;C_SYSTEM-D_FA.fa-stack-exchange;fa-stack-exchange css class;fa-stack-exchange
next value for hibernate_sequence;C_SYSTEM-D_FA.fa-stack-overflow;fa-stack-overflow css class;fa-stack-overflow
next value for hibernate_sequence;C_SYSTEM-D_FA.fa-trello;fa-trello css class;fa-trello
next value for hibernate_sequence;C_SYSTEM-D_FA.fa-tumblr;fa-tumblr css class;fa-tumblr
next value for hibernate_sequence;C_SYSTEM-D_FA.fa-tumblr-square;fa-tumblr-square css class;fa-tumblr-square
next value for hibernate_sequence;C_SYSTEM-D_FA.fa-twitter;fa-twitter css class;fa-twitter
next value for hibernate_sequence;C_SYSTEM-D_FA.fa-twitter-square;fa-twitter-square css class;fa-twitter-square
next value for hibernate_sequence;C_SYSTEM-D_FA.fa-vimeo-square;fa-vimeo-square css class;fa-vimeo-square
next value for hibernate_sequence;C_SYSTEM-D_FA.fa-vk;fa-vk css class;fa-vk
next value for hibernate_sequence;C_SYSTEM-D_FA.fa-weibo;fa-weibo css class;fa-weibo
next value for hibernate_sequence;C_SYSTEM-D_FA.fa-windows;fa-windows css class;fa-windows
next value for hibernate_sequence;C_SYSTEM-D_FA.fa-xing;fa-xing css class;fa-xing
next value for hibernate_sequence;C_SYSTEM-D_FA.fa-xing-square;fa-xing-square css class;fa-xing-square
next value for hibernate_sequence;C_SYSTEM-D_FA.fa-youtube;fa-youtube css class;fa-youtube
next value for hibernate_sequence;C_SYSTEM-D_FA.fa-youtube-play;fa-youtube-play css class;fa-youtube-play
next value for hibernate_sequence;C_SYSTEM-D_FA.fa-youtube-square;fa-youtube-square css class;fa-youtube-square
next value for hibernate_sequence;C_SYSTEM-D_FA.fa-ambulance;fa-ambulance css class;fa-ambulance
next value for hibernate_sequence;C_SYSTEM-D_FA.fa-h-square;fa-h-square css class;fa-h-square
next value for hibernate_sequence;C_SYSTEM-D_FA.fa-hospital-o;fa-hospital-o css class;fa-hospital-o
next value for hibernate_sequence;C_SYSTEM-D_FA.fa-medkit;fa-medkit css class;fa-medkit
next value for hibernate_sequence;C_SYSTEM-D_FA.fa-plus-square;fa-plus-square css class;fa-plus-square
next value for hibernate_sequence;C_SYSTEM-D_FA.fa-stethoscope;fa-stethoscope css class;fa-stethoscope
next value for hibernate_sequence;C_SYSTEM-D_FA.fa-user-md;fa-user-md css class;fa-user-md
next value for hibernate_sequence;C_SYSTEM-D_FA.fa-wheelchair;fa-wheelchair css class;fa-wheelchair
